﻿GlacierArea,ClimateZone,GlacierZone,SampleType,Counts,Twater,dTwater,SummerTemp,SummerTemp_sd,AveTemp,AveTemp_sd,POC,AverageIceCoverArea,PFBA,PFPeA,PFHxA,PFHpA,PFOA,PFNA,PFDA,PFUnA,PFDoA,PFTrDA,PFBS,PFHxS,PFOS
West Canada and USA,Alaska,Near Alaskan glaciers,seawater,1,3.38,3.09,9.2,0.3,0.1,0.3,0.33,101249,,<10,<5,<5,29,18,9,<5,8,<10,<5,<5,25
West Canada and USA,Alaska,Near Alaskan glaciers,seawater,1,3.38,3.09,9.2,0.3,0.1,0.3,0.33,101249,,<10,<5,10,22,14,6,<5,<10,<10,<5,<5,20
West Canada and USA,Alaska,Near Alaskan glaciers,seawater,1,3.38,3.09,9.2,0.3,0.1,0.3,0.33,101249,,<10,<5,6,40,5,<5,<5,<10,<10,5,6,28
West Canada and USA,Alaska,Near Alaskan glaciers,seawater,1,3.38,3.09,9.2,0.3,0.1,0.3,0.33,101249,,<10,<5,6,44,9,<5,<5,<10,<10,<5,5,8
West Canada and USA,Alaska,Near Alaskan glaciers,seawater,1,3.38,3.09,9.2,0.3,0.1,0.3,0.33,101249,,<10,<5,<5,29,15,<5,<5,<10,<10,<5,5,10
West Canada and USA,Alaska,Near Alaskan glaciers,seawater,1,3.38,3.09,9.2,0.3,0.1,0.3,0.33,101249,,<10,<5,8,41,12,<5,<5,<10,<10,6,<5,7
West Canada and USA,Alaska,Near Alaskan glaciers,seawater,1,3.38,3.09,9.2,0.3,0.1,0.3,0.33,101249,,<10,<5,<5,21,4,<5,<5,<10,<10,<5,<5,11
West Canada and USA,Arctic Canada (North),Melville ice cap,snow/ice,1,3.38,3.09,0.4,0.2,-17.5,0.4,0.33,146016,,,,,16.3,9.8,4.5,<0.6,,,,,2.4
West Canada and USA,Arctic Canada (North),Melville ice cap,snow/ice,1,3.38,3.09,0.4,0.2,-17.5,0.4,0.33,146016,,,,,38.6,7.6,1.6,2.8,,,,,4.6
West Canada and USA,Alaska,Near Alaskan glaciers,seawater,4,3.38,3.09,9.2,0.3,0.1,0.3,0.33,101249,<1.4,27.8,72.9,12.6,22,<1.4,32.6,15,3.5,,0.5,116.1,132
West Canada and USA,Western Canada and U.S.,Canadian Rocky Mountain glaciers,Glacial runoff,3,3.38,3.09,13.2,0.3,3.9,0.3,0.33,101249,,,,,1009.3,743.092,72.4438,<50,,,,,109.726
West Canada and USA,Western Canada and U.S.,Canadian Rocky Mountain glaciers,Glacial runoff,3,3.38,3.09,13.2,0.3,3.9,0.3,0.33,101249,,,,,65.7338,483.276,130.034,<50,,,,,54.2466
West Canada and USA,Western Canada and U.S.,Canadian Rocky Mountain glaciers,Glacial runoff,3,3.38,3.09,13.2,0.3,3.9,0.3,0.33,101249,,,,,971.013,843.041,223.587,177.498,,,,,44.3836
West Canada and USA,Western Canada and U.S.,Canadian Rocky Mountain glaciers,Glacial runoff,3,3.38,3.09,13.2,0.3,3.9,0.3,0.33,101249,,,,,997.508,321.754,116.962,132.32,,,,,58.7671
Arctic Canada,Arctic Canada (North),"Agassiz, Devon & Meighen ice cap",snow/ice,1,3.38,3.09,0.4,0.2,-17.5,0.4,0.2,146016,,,,,13.1,10,3.9,<0.6,,,,,1.4
Arctic Canada,Arctic Canada (North),"Agassiz, Devon & Meighen ice cap",snow/ice,1,3.38,3.09,0.4,0.2,-17.5,0.4,0.2,146016,,,,,16.6,9.1,4.2,<0.6,,,,,4
Arctic Canada,Arctic Canada (North),"Agassiz, Devon & Meighen ice cap",snow/ice,1,3.38,3.09,0.4,0.2,-17.5,0.4,0.2,146016,,,,,53.7,9.4,2.6,5.1,,,,,2.3
Arctic Canada,Arctic Canada (North),"Agassiz, Devon & Meighen ice cap",snow/ice,1,3.38,3.09,0.4,0.2,-17.5,0.4,0.2,146016,,,,,15.1,12.1,2.2,3.9,,,,,1.6
Arctic Canada,Arctic Canada (North),Devon ice cap,snow/ice,1,3.38,3.09,0.4,0.2,-17.5,0.4,0.2,146016,,<10.4,43,55,102,140,17,<15.7,<3.61,<3.21,6.8,<1.43,52.2
Arctic Canada,Arctic Canada (North),Devon ice cap,snow/ice,1,3.38,3.09,0.4,0.2,-17.5,0.4,0.2,146016,,<10.4,42.8,94.4,129,284,54,41.1,<3.61,<3.21,<3.62,9.28,94.8
Arctic Canada,Arctic Canada (North),Devon ice cap,snow/ice,1,3.38,3.09,0.4,0.2,-17.5,0.4,0.2,146016,,<10.4,95.2,235,207,440,72.3,66.8,<3.61,<3.21,4.19,8.77,391
Arctic Canada,Arctic Canada (North),Devon ice cap,snow/ice,1,3.38,3.09,0.4,0.2,-17.5,0.4,0.2,146016,,<10.4,193,438,275,596,84.2,145,<12.0,<3.21,<3.62,<1.43,50.8
Arctic Canada,Arctic Canada (North),Devon ice cap,snow/ice,1,3.38,3.09,0.4,0.2,-17.5,0.4,0.2,146016,,<10.4,280,578,278,382,47.6,53.8,<3.61,<3.21,<3.62,<1.43,103
Arctic Canada,Arctic Canada (North),Devon ice cap,snow/ice,1,3.38,3.09,0.4,0.2,-17.5,0.4,0.2,146016,,<10.4,130,317,195,427,43,62.4,<3.61,<3.21,<3.62,<1.43,32
Arctic Canada,Arctic Canada (North),Devon ice cap,snow/ice,1,3.38,3.09,0.4,0.2,-17.5,0.4,0.2,146016,,<10.4,63.7,173,173,262,43.3,53.8,<3.61,<3.21,<3.62,<1.43,27.8
Arctic Canada,Arctic Canada (North),Devon ice cap,snow/ice,1,3.38,3.09,0.4,0.2,-17.5,0.4,0.2,146016,,73.8,104,144,181,319,49.8,75.2,<3.61,<3.21,<3.62,<1.43,30.5
Arctic Canada,Arctic Canada (North),Devon ice cap,snow/ice,1,3.38,3.09,0.4,0.2,-17.5,0.4,0.2,146016,,<10.4,38.7,135,156,274,29,70.1,<3.61,<3.21,<3.62,<1.43,21.9
Arctic Canada,Arctic Canada (North),Devon ice cap,snow/ice,1,3.38,3.09,0.4,0.2,-17.5,0.4,0.2,146016,,51.3,73.4,196,258,755,113,218,<12.0,4.96,<3.62,<1.43,29.8
Arctic Canada,Arctic Canada (North),Devon ice cap,snow/ice,1,3.38,3.09,0.4,0.2,-17.5,0.4,0.2,146016,,108,122,231,180,403,65.6,128,<5.12,<3.21,<3.62,<1.43,29
Arctic Canada,Arctic Canada (North),Devon ice cap,snow/ice,1,3.38,3.09,0.4,0.2,-17.5,0.4,0.2,146016,,88.8,94.9,198,226,443,69.2,75.4,<3.61,<3.21,<3.62,<1.43,32.7
Arctic Canada,Arctic Canada (North),Devon ice cap,snow/ice,1,3.38,3.09,0.4,0.2,-17.5,0.4,0.2,146016,,74,73.5,183,144,274,41.7,68.6,<3.61,<3.25,<3.62,<1.43,24.8
Arctic Canada,Arctic Canada (North),Devon ice cap,snow/ice,1,3.38,3.09,0.4,0.2,-17.5,0.4,0.2,146016,,126,120,241,185,302,70.8,88.6,5.71,<3.21,<3.62,<1.43,32.5
Arctic Canada,Arctic Canada (North),Devon ice cap,snow/ice,1,3.38,3.09,0.4,0.2,-17.5,0.4,0.2,146016,,54.2,48.9,93.1,116,159,31,29.3,<3.61,<3.21,<3.62,<1.43,11.9
Arctic Canada,Arctic Canada (North),Devon ice cap,snow/ice,1,3.38,3.09,0.4,0.2,-17.5,0.4,0.2,146016,,92.9,68.3,155,142,306,72.5,102,<3.61,<3.21,<3.62,<1.43,24.6
Arctic Canada,Arctic Canada (North),Devon ice cap,snow/ice,1,3.38,3.09,0.4,0.2,-17.5,0.4,0.2,146016,,54.5,80.8,178,195,555,72.6,98.1,6.84,<3.21,<3.62,<1.43,21.5
Arctic Canada,Arctic Canada (North),Devon ice cap,snow/ice,1,3.38,3.09,0.4,0.2,-17.5,0.4,0.2,146016,,<10.4,29.2,80.1,166,385,56,88.7,<3.61,<3.21,<3.62,<1.43,37.5
Arctic Canada,Arctic Canada (North),Devon ice cap,snow/ice,1,3.38,3.09,0.4,0.2,-17.5,0.4,0.2,146016,,<34.7,42.7,91.9,181,299,38.8,74.4,<3.61,<3.21,<3.62,<1.43,17.8
Arctic Canada,Arctic Canada (North),Devon ice cap,snow/ice,1,3.38,3.09,0.4,0.2,-17.5,0.4,0.2,146016,,62.9,101,243,333,584,81.8,106,<3.61,<3.21,<3.62,<1.43,19.7
Arctic Canada,Arctic Canada (North),Devon ice cap,snow/ice,1,3.38,3.09,0.4,0.2,-17.5,0.4,0.2,146016,,95,122,180,186,225,24.2,52.6,<3.61,<3.21,<3.62,<1.43,29.5
Arctic Canada,Arctic Canada (North),Devon ice cap,snow/ice,1,3.38,3.09,0.4,0.2,-17.5,0.4,0.2,146016,,81,90.8,140,221,241,37.1,45.2,<3.61,<3.21,<3.62,<1.43,35.7
Arctic Canada,Arctic Canada (North),Devon ice cap,snow/ice,1,3.38,3.09,0.4,0.2,-17.5,0.4,0.2,146016,,79.9,107,162,159,173,24.9,30.2,<3.61,<3.21,<3.62,<1.43,20.2
Arctic Canada,Arctic Canada (North),Devon ice cap,snow/ice,1,3.38,3.09,0.4,0.2,-17.5,0.4,0.2,146016,,87.1,112,145,129,147,18.1,<15.7,<3.61,<3.21,<3.62,<1.43,26.6
Arctic Canada,Arctic Canada (North),Devon ice cap,snow/ice,1,3.38,3.09,0.4,0.2,-17.5,0.4,0.2,146016,,79.4,82,145,178,213,37.8,41.9,<3.61,<3.21,<3.62,<1.43,26.6
Arctic Canada,Arctic Canada (North),Devon ice cap,snow/ice,1,3.38,3.09,0.4,0.2,-17.5,0.4,0.2,146016,,81.4,67.5,124,145,163,28.5,25.7,<3.61,<3.21,<3.62,<1.43,13.7
Arctic Canada,Arctic Canada (North),Devon ice cap,snow/ice,1,3.38,3.09,0.4,0.2,-17.5,0.4,0.2,146016,,<34.7,49.7,95.1,105,162,18.7,35.2,<3.61,<3.21,<3.62,<1.43,21.7
Arctic Canada,Arctic Canada (North),Devon ice cap,snow/ice,1,3.38,3.09,0.4,0.2,-17.5,0.4,0.2,146016,,87.1,87.1,174,209,262,39.4,41.2,<3.61,<3.21,<3.62,<1.43,15.9
Arctic Canada,Arctic Canada (North),Devon ice cap,snow/ice,1,3.38,3.09,0.4,0.2,-17.5,0.4,0.2,146016,,35.4,50,86.5,122,138,25.8,18.9,<3.61,<3.21,<3.62,<1.43,22.8
Arctic Canada,Arctic Canada (North),Devon ice cap,snow/ice,1,3.38,3.09,0.4,0.2,-17.5,0.4,0.2,146016,,46.1,65.2,124,122,125,35,<15.7,<3.61,<3.21,<3.62,<1.43,19.8
Arctic Canada,Arctic Canada (North),Devon ice cap,snow/ice,1,3.38,3.09,0.4,0.2,-17.5,0.4,0.2,146016,,39.2,44.2,98.3,93.8,101,<12.5,17.9,<3.61,<3.21,<3.62,<1.43,16.9
Arctic Canada,Arctic Canada (North),Devon ice cap,snow/ice,1,3.38,3.09,0.4,0.2,-17.5,0.4,0.2,146016,,<34.7,67.1,115,112,117,16.4,16.4,<3.61,<3.21,<3.62,<1.43,50.3
Arctic Canada,Arctic Canada (North),Devon ice cap,snow/ice,1,3.38,3.09,0.4,0.2,-17.5,0.4,0.2,146016,,<34.7,34.6,68.1,82.2,81,<12.5,<4.72,<3.61,<3.21,<3.62,<1.43,18.7
Arctic Canada,Arctic Canada (North),Devon ice cap,snow/ice,1,3.38,3.09,0.4,0.2,-17.5,0.4,0.2,146016,,<34.7,56.2,113,107,133,19.9,<15.7,<3.61,<3.21,<3.62,<1.43,22.6
Arctic Canada,Arctic Canada (North),Devon ice cap,snow/ice,1,3.38,3.09,0.4,0.2,-17.5,0.4,0.2,146016,,<34.7,40.4,85.5,82.5,70.4,<12.5,<4.72,<3.61,<3.21,<3.62,<1.43,15.8
Arctic Canada,Arctic Canada (North),Devon ice cap,snow/ice,1,3.38,3.09,0.4,0.2,-17.5,0.4,0.2,146016,,<34.7,54.8,130,96.6,137,16.5,<15.7,<3.61,<3.21,<3.62,<1.43,14.8
Arctic Canada,Arctic Canada (North),Devon ice cap,snow/ice,1,3.38,3.09,0.4,0.2,-17.5,0.4,0.2,146016,,<34.7,47.2,86.7,106,110,12.6,<4.72,<3.61,<3.21,<3.62,<1.43,13.8
Arctic Canada,Arctic Canada (North),Ellesmere Island,snow/ice,1,3.38,3.09,0.4,0.2,-17.5,0.4,0.2,146016,,,,213,199,195,29,19,,,3,3,70
Arctic Canada,Arctic Canada (North),Ellesmere Island,snow/ice,1,3.38,3.09,0.4,0.2,-17.5,0.4,0.2,146016,,,,244,239,273,41,30,,,4,2,14
Arctic Canada,Arctic Canada (North),Ellesmere Island,snow/ice,1,3.38,3.09,0.4,0.2,-17.5,0.4,0.2,146016,,,,165,216,192,18,14,,,19,13,27
Arctic Canada,Arctic Canada (North),Ellesmere Island,Glacial runoff,1,3.38,3.09,0.4,0.2,-17.5,0.4,0.2,146016,440,<40,16,26,66,26,<10,<9,<7,<6,<6,<2,15
Arctic Canada,Arctic Canada (North),Ellesmere Island,Glacial runoff,2,3.38,3.09,0.4,0.2,-17.5,0.4,0.2,146016,5700,3200,526,330,345,385,64,9,<7,<6,200,59,47
Arctic Canada,Arctic Canada (North),Ellesmere Island,Glacial runoff,10,3.38,3.09,0.4,0.2,-17.5,0.4,0.2,146016,1997.994137,1042.431723,1824.255516,2432.340688,2606.079309,868.6931029,104.2431723,52.12158617,15.63647585,13.89908965,156.3647585,33.01033791,112.9301034
Arctic Canada,Arctic Canada (North),Ellesmere Island,Glacial runoff,12,3.38,3.09,0.4,0.2,-17.5,0.4,0.2,146016,1500,59,162,125,215,148,55,5,<7,<6,26,<2,23
Arctic Canada,Arctic Canada (North),Ellesmere Island,snow/ice,9,3.38,3.09,0.4,0.2,-17.5,0.4,0.2,146016,8900,350,400,1100,2200,1200,210,87,22,<6,<6,,190
Arctic Canada,Arctic Canada (North),Ellesmere Island,snow/ice,9,3.38,3.09,0.4,0.2,-17.5,0.4,0.2,146016,2700,140,250,450,710,590,140,100,46,7,6,,29
Arctic Canada,Arctic Canada (North),Ellesmere Island,snow/ice,9,3.38,3.09,0.4,0.2,-17.5,0.4,0.2,146016,4800,670,890,1500,2200,2300,680,370,140,35,13,,180
Arctic Canada,Arctic Canada (North),Devon ice cap,snow/ice,33,3.38,3.09,0.4,0.2,-17.5,0.4,0.2,146016,401,,,,,,,,,,,,
Arctic Canada,Arctic Canada (North),Devon ice cap,snow/ice,50,3.38,3.09,0.4,0.2,-17.5,0.4,0.2,146016,350,,,,,,,,,,,,
Greenland,Greenland,Greenland,seawater,10,3.38,3.09,1.1,0.2,-12.6,0.3,0.44,1718000,,<23,62.7304449,33.52428031,51.11078802,38.23495202,1.962779878,4.867694097,<3.3,<4.6,39.96219831,<18,37.37132887
Arctic Europe,Svalbard,Near the North Pole,seawater,1,3.38,3.09,4.6,0.5,-6.6,0.5,0.19,88498,,<10,<5,11,<5,<5,<5,<5,<10,,<5,<5,<5
Arctic Europe,Svalbard,Near the North Pole,seawater,1,3.38,3.09,4.6,0.5,-6.6,0.5,0.19,88498,,<10,12,22,50,23,<5,<5,<10,,11,15,41
Arctic Europe,Svalbard,Near the North Pole,seawater,1,3.38,3.09,4.6,0.5,-6.6,0.5,0.19,88498,,<10,<5,<5,<5,14,<5,<5,<10,,15,<5,26
Arctic Europe,Svalbard,Near the North Pole,Glacial runoff,1,3.38,3.09,4.6,0.5,-6.6,0.5,0.19,88498,,,16,39,57,85,<5,<5,<10,,<5,<5,34
Arctic Europe,Svalbard,Near the North Pole,Glacial runoff,1,3.38,3.09,4.6,0.5,-6.6,0.5,0.19,88498,,,15,29,62,106,14,13,<10,,<5,<5,42
Arctic Europe,Svalbard,Near the North Pole,snow/ice,1,3.38,3.09,4.6,0.5,-6.6,0.5,0.19,88498,,,44,14,72,33,33,21,<10,,<5,<5,34
Arctic Europe,Svalbard,Near the North Pole,snow/ice,1,3.38,3.09,4.6,0.5,-6.6,0.5,0.19,88498,,,26,25,91,61,49,45,<10,,<5,<5,43
Arctic Europe,Svalbard,Ny-Alesund,Glacial runoff,1,3.38,3.09,4.6,0.5,-6.6,0.5,0.19,88498,2200,<100,<90,<89,<140,<85,<36,<120,<16,,<25,2650,470
Arctic Europe,Svalbard,Ny-Alesund,Glacial runoff,1,3.38,3.09,4.6,0.5,-6.6,0.5,0.19,88498,2000,<100,<90,<89,<140,<85,<36,<120,<16,,<25,300,200
Arctic Europe,Svalbard,Ny-Alesund,Glacial runoff,1,3.38,3.09,4.6,0.5,-6.6,0.5,0.19,88498,6900,<100,<90,<89,<140,<85,<36,<120,<16,,<25,<6,2000
Arctic Europe,Svalbard,Ny-Alesund,Glacial runoff,1,3.38,3.09,4.6,0.5,-6.6,0.5,0.19,88498,8250,<100,<90,<89,<140,<85,<36,<120,<16,,<25,<6,300
Arctic Europe,Svalbard,Ny-Alesund,Glacial runoff,1,3.38,3.09,4.6,0.5,-6.6,0.5,0.19,88498,9100,<100,<90,<89,<140,<85,<36,<120,<16,,<25,<6,230
Arctic Europe,Svalbard,Ny-Alesund,Glacial runoff,1,3.38,3.09,4.6,0.5,-6.6,0.5,0.19,88498,6900,<100,<90,<89,<140,<85,<36,<120,<16,,<25,<6,210
Arctic Europe,Svalbard,Ny-Alesund,Glacial runoff,1,3.38,3.09,4.6,0.5,-6.6,0.5,0.19,88498,5100,<100,<90,<89,<140,<85,<36,<120,<16,,<25,150,780
Arctic Europe,Svalbard,Ny-Alesund,Glacial runoff,1,3.38,3.09,4.6,0.5,-6.6,0.5,0.19,88498,1090,<100,<90,260,1780,<85,610,<120,160,,<25,23,190
Arctic Europe,Svalbard,Ny-Alesund,Glacial runoff,1,3.38,3.09,4.6,0.5,-6.6,0.5,0.19,88498,990,<100,<90,170,470,<85,110,<120,33,,<25,10,79
Arctic Europe,Svalbard,Ny-Alesund,Glacial runoff,1,3.38,3.09,4.6,0.5,-6.6,0.5,0.19,88498,860,<100,<90,140,390,<85,120,<120,47,,<25,<6,68
Arctic Europe,Svalbard,Ny-Alesund,Glacial runoff,1,3.38,3.09,4.6,0.5,-6.6,0.5,0.19,88498,930,<100,<90,150,450,<85,110,<120,29,,<25,15,82
Arctic Europe,Svalbard,Ny-Alesund,Glacial runoff,1,3.38,3.09,4.6,0.5,-6.6,0.5,0.19,88498,1150,<100,<90,140,240,120,50,<120,19,,<25,<6,53
Arctic Europe,Svalbard,Ny-Alesund,Glacial runoff,1,3.38,3.09,4.6,0.5,-6.6,0.5,0.19,88498,1010,<100,<90,130,250,120,61,<120,15,,<25,7,55
Arctic Europe,Svalbard,Ny-Alesund,Glacial runoff,1,3.38,3.09,4.6,0.5,-6.6,0.5,0.19,88498,1080,<100,<90,140,260,<85,43,<120,<16,,<25,14,56
Arctic Europe,Svalbard,Ny-Alesund,Glacial runoff,1,3.38,3.09,4.6,0.5,-6.6,0.5,0.19,88498,1370,<100,<90,420,<140,<85,<36,<120,<16,,<25,7,44
Arctic Europe,Svalbard,Ny-Alesund,Glacial runoff,1,3.38,3.09,4.6,0.5,-6.6,0.5,0.19,88498,1230,<100,100,240,<140,100,41,<120,<16,,<25,<6,59
Arctic Europe,Svalbard,Ny-Alesund,Glacial runoff,1,3.38,3.09,4.6,0.5,-6.6,0.5,0.19,88498,<68,<100,120,150,160,140,52,<120,17,,<25,10,170
Arctic Europe,Svalbard,Ny-Alesund,Glacial runoff,1,3.38,3.09,4.6,0.5,-6.6,0.5,0.19,88498,<68,<100,100,130,140,130,48,<120,<16,,<25,<6,180
Arctic Europe,Svalbard,Ny-Alesund,Glacial runoff,1,3.38,3.09,4.6,0.5,-6.6,0.5,0.19,88498,<68,<100,130,140,130,110,49,<120,15,,<25,<6,150
Arctic Europe,Svalbard,Ny-Alesund,Glacial runoff,1,3.38,3.09,4.6,0.5,-6.6,0.5,0.19,88498,<68,<100,<90,<89,160,110,<36,<120,21,,<25,7,110
Arctic Europe,Svalbard,Ny-Alesund,Glacial runoff,1,3.38,3.09,4.6,0.5,-6.6,0.5,0.19,88498,<68,<100,<90,<89,150,140,61,<120,14,,<25,8,120
Arctic Europe,Svalbard,Ny-Alesund,Glacial runoff,1,3.38,3.09,4.6,0.5,-6.6,0.5,0.19,88498,890,<100,<90,110,200,160,76,<120,24,,<25,<6,190
Arctic Europe,Svalbard,Ny-Alesund,Glacial runoff,1,3.38,3.09,4.6,0.5,-6.6,0.5,0.19,88498,700,<100,<90,87,140,140,54,<120,16,,<25,<6,160
Arctic Europe,Svalbard,Ny-Alesund,Glacial runoff,1,3.38,3.09,4.6,0.5,-6.6,0.5,0.19,88498,680,<100,<90,<89,160,140,48,<120,21,,<25,<6,150
Arctic Europe,Svalbard,Ny-Alesund,Glacial runoff,1,3.38,3.09,4.6,0.5,-6.6,0.5,0.19,88498,770,<100,<90,<89,300,140,<36,<120,26,,<25,16,230
Arctic Europe,Svalbard,Ny-Alesund,Glacial runoff,1,3.38,3.09,4.6,0.5,-6.6,0.5,0.19,88498,<68,<100,<90,<89,210,110,83,<120,25,,<25,11,230
Arctic Europe,Svalbard,Ny-Alesund,Glacial runoff,1,3.38,3.09,4.6,0.5,-6.6,0.5,0.19,88498,<68,<100,<90,<89,<140,<85,<36,<120,<16,,<25,<6,120
Arctic Europe,Svalbard,Ny-Alesund,seawater,1,3.38,3.09,4.6,0.5,-6.6,0.5,0.19,88498,610,<100,<90,<89,<140,<85,<36,<120,<16,,<25,<6,<20
Arctic Europe,Svalbard,Ny-Alesund,seawater,1,3.38,3.09,4.6,0.5,-6.6,0.5,0.19,88498,1510,<100,<90,<89,<140,<85,<36,<120,<16,,<25,<6,90
Arctic Europe,Svalbard,Ny-Alesund,seawater,1,3.38,3.09,4.6,0.5,-6.6,0.5,0.19,88498,<68,1290,2660,570,310,30,<36,<120,<16,,35,210,190
Arctic Europe,Scandinavia,Northern Swedish glacier,Glacial runoff,1,3.38,3.09,4.7,0.2,2.6,0.2,0.19,2851,940,,<490,<270,260,150,130,77,53,,390,69,82
Arctic Europe,Scandinavia,Northern Swedish glacier,Glacial runoff,1,3.38,3.09,4.7,0.2,2.6,0.2,0.19,2851,760,,<490,<270,230,230,<30,100,100,,<30,<30,53
Arctic Europe,Scandinavia,Northern Swedish glacier,Glacial runoff,1,3.38,3.09,4.7,0.2,2.6,0.2,0.19,2851,1200,,<490,<270,210,1300,280,160,190,,<30,150,340
Arctic Europe,Scandinavia,Northern Swedish glacier,Glacial runoff,1,3.38,3.09,4.7,0.2,2.6,0.2,0.19,2851,600,,<490,<270,390,230,140,73,33,,<30,51,58
Arctic Europe,Scandinavia,Northern Swedish glacier,Glacial runoff,1,3.38,3.09,4.7,0.2,2.6,0.2,0.19,2851,600,,<490,610,<90,180,110,44,<30,,<30,<30,120
Arctic Europe,Scandinavia,Northern Swedish glacier,Glacial runoff,1,3.38,3.09,4.7,0.2,2.6,0.2,0.19,2851,970,,<490,540,440,400,220,81,69,,4100,310,280
Arctic Europe,Scandinavia,Northern Swedish glacier,Glacial runoff,1,3.38,3.09,4.7,0.2,2.6,0.2,0.19,2851,910,,<490,<270,390,360,270,170,120,,5100,190,300
Arctic Europe,Scandinavia,Northern Swedish glacier,Glacial runoff,1,3.38,3.09,4.7,0.2,2.6,0.2,0.19,2851,990,,<490,<270,<90,90,<30,40,<30,,30,<30,40
Arctic Europe,Scandinavia,Northern Swedish glacier,Glacial runoff,1,3.38,3.09,4.7,0.2,2.6,0.2,0.19,2851,630,,<490,<270,260,320,64,58,<30,,48,140,250
Arctic Europe,Scandinavia,Northern Swedish glacier,Glacial runoff,1,3.38,3.09,4.7,0.2,2.6,0.2,0.19,2851,570,,<490,1000,3300,5800,4400,1600,770,,16000,18000,6900
Arctic Europe,Scandinavia,Northern Swedish glacier,Glacial runoff,1,3.38,3.09,4.7,0.2,2.6,0.2,0.19,2851,470,,<490,<270,<90,260,<30,74,67,,<30,<30,74
Arctic Europe,Scandinavia,Northern Swedish glacier,Glacial runoff,1,3.38,3.09,4.7,0.2,2.6,0.2,0.19,2851,990,,<490,<270,<90,91,<30,41,<30,,30,<30,42
Arctic Europe,Scandinavia,Northern Swedish glacier,Glacial runoff,1,3.38,3.09,4.7,0.2,2.6,0.2,0.19,2851,620,,<490,<270,390,360,140,84,43,,170,120,180
Arctic Europe,Scandinavia,Northern Swedish glacier,Glacial runoff,1,3.38,3.09,4.7,0.2,2.6,0.2,0.19,2851,960,,<490,<270,<90,160,<30,<30,<30,,<30,<30,60
Arctic Europe,Scandinavia,Northern Swedish glacier,Glacial runoff,1,3.38,3.09,4.7,0.2,2.6,0.2,0.19,2851,790,,<490,<270,<90,120,<30,<30,<30,,<30,<30,<30
Arctic Europe,Scandinavia,Northern Swedish glacier,Glacial runoff,1,3.38,3.09,4.7,0.2,2.6,0.2,0.19,2851,960,,<490,<270,<90,400,120,100,<30,,<30,<30,160
Arctic Europe,Scandinavia,Northern Swedish glacier,Glacial runoff,1,3.38,3.09,4.7,0.2,2.6,0.2,0.19,2851,1000,,<490,360,1500,2800,1900,840,400,,6900,7600,3100
Arctic Europe,Scandinavia,Northern Swedish glacier,Glacial runoff,1,3.38,3.09,4.7,0.2,2.6,0.2,0.19,2851,1200,,<490,<270,<90,210,24,44,<30,,<30,<30,120
Arctic Europe,Scandinavia,Northern Swedish glacier,Glacial runoff,1,3.38,3.09,4.7,0.2,2.6,0.2,0.19,2851,1900,,<490,1400,3600,5600,4300,1800,820,,17000,16000,6800
Arctic Europe,Scandinavia,Northern Swedish glacier,Glacial runoff,1,3.38,3.09,4.7,0.2,2.6,0.2,0.19,2851,1100,,<490,<270,340,330,92,87,35,,440,100,46
Arctic Europe,Scandinavia,Northern Swedish glacier,Glacial runoff,1,3.38,3.09,4.7,0.2,2.6,0.2,0.19,2851,2100,,1100,820,920,410,170,78,<30,,4900,380,290
Arctic Europe,Scandinavia,Northern Swedish glacier,Glacial runoff,1,3.38,3.09,4.7,0.2,2.6,0.2,0.19,2851,1200,,1100,560,400,370,150,160,46,,420,130,610
Arctic Europe,Scandinavia,Northern Swedish glacier,Glacial runoff,1,3.38,3.09,4.7,0.2,2.6,0.2,0.19,2851,2500,,4200,1400,4200,630,340,92,34,,2200,12000,5300
Arctic Europe,Scandinavia,Northern Swedish glacier,Glacial runoff,1,3.38,3.09,4.7,0.2,2.6,0.2,0.19,2851,2900,,1900,1300,1600,510,220,75,61,,830,1200,2400
Arctic Europe,Scandinavia,Northern Swedish glacier,Glacial runoff,1,3.38,3.09,4.7,0.2,2.6,0.2,0.19,2851,3700,,1500,1400,1100,440,180,93,<30,,610,640,710
Arctic Europe,Scandinavia,Northern Swedish glacier,Glacial runoff,1,3.38,3.09,4.7,0.2,2.6,0.2,0.19,2851,2100,,<490,<270,610,320,<30,47,<30,,<30,290,630
Arctic Europe,Scandinavia,Northern Swedish glacier,Glacial runoff,1,3.38,3.09,4.7,0.2,2.6,0.2,0.19,2851,2000,,<490,<270,220,190,<30,57,<30,,<30,<30,110
Arctic Europe,Scandinavia,Northern Swedish glacier,Glacial runoff,1,3.38,3.09,4.7,0.2,2.6,0.2,0.19,2851,2300,,510,1700,3800,5400,3700,1500,700,,12000,14000,5100
Arctic Europe,Scandinavia,Northern Swedish glacier,Glacial runoff,1,3.38,3.09,4.7,0.2,2.6,0.2,0.19,2851,1600,,<490,<270,420,380,38,97,<30,,<30,<30,250
Arctic Europe,Scandinavia,Northern Swedish glacier,Glacial runoff,1,3.38,3.09,4.7,0.2,2.6,0.2,0.19,2851,1500,,1300,740,910,190,65,51,<30,,42,460,280
Arctic Europe,Scandinavia,Northern Swedish glacier,Glacial runoff,1,3.38,3.09,4.7,0.2,2.6,0.2,0.19,2851,1900,,<490,890,640,450,170,120,31,,<30,470,1100
Arctic Europe,Scandinavia,Northern Swedish glacier,Glacial runoff,1,3.38,3.09,4.7,0.2,2.6,0.2,0.19,2851,1800,,<490,850,980,600,220,140,80,,510,420,600
Arctic Europe,Scandinavia,Northern Swedish glacier,Glacial runoff,1,3.38,3.09,4.7,0.2,2.6,0.2,0.19,2851,1800,,1500,1000,1200,610,300,180,95,,19000,1900,540
Arctic Europe,Scandinavia,Northern Swedish glacier,Glacial runoff,1,3.38,3.09,4.7,0.2,2.6,0.2,0.19,2851,1800,,2600,960,1100,120,88,37,<30,,150,730,500
Arctic Europe,Scandinavia,Northern Swedish glacier,Glacial runoff,1,3.38,3.09,4.7,0.2,2.6,0.2,0.19,2851,2300,,1600,930,1300,260,<30,<30,<30,,870,3000,3900
Arctic Europe,Scandinavia,Northern Swedish glacier,Glacial runoff,1,3.38,3.09,4.7,0.2,2.6,0.2,0.19,2851,1800,,<490,<270,1000,360,58,18,16,,83,340,560
Arctic Europe,Scandinavia,Northern Swedish glacier,Glacial runoff,1,3.38,3.09,4.7,0.2,2.6,0.2,0.19,2851,2700,,1100,850,1200,520,110,50,30,,440,410,810
Arctic Europe,Scandinavia,Northern Swedish glacier,Glacial runoff,1,3.38,3.09,4.7,0.2,2.6,0.2,0.19,2851,1500,,<490,<270,690,330,45,<30,<30,,<30,200,350
Arctic Europe,Scandinavia,Northern Swedish glacier,Glacial runoff,1,3.38,3.09,4.7,0.2,2.6,0.2,0.19,2851,1400,,1300,950,1600,540,190,81,<30,,<30,390,790
Arctic Europe,Scandinavia,Northern Swedish glacier,Glacial runoff,1,3.38,3.09,4.7,0.2,2.6,0.2,0.19,2851,1300,,<490,550,1100,410,110,39,<30,,41,340,790
Arctic Europe,Scandinavia,Northern Swedish glacier,Glacial runoff,1,3.38,3.09,4.7,0.2,2.6,0.2,0.19,2851,1400,,<490,<270,750,260,47,62,<30,,35,280,350
Arctic Europe,Scandinavia,Northern Swedish glacier,Glacial runoff,1,3.38,3.09,4.7,0.2,2.6,0.2,0.19,2851,880,,<490,<270,980,380,60,<30,<30,,98,260,570
Arctic Europe,Scandinavia,Northern Swedish glacier,Glacial runoff,1,3.38,3.09,4.7,0.2,2.6,0.2,0.19,2851,2100,,<490,<270,870,270,49,<30,<30,,<30,110,400
Arctic Europe,Scandinavia,Northern Swedish glacier,Glacial runoff,1,3.38,3.09,4.7,0.2,2.6,0.2,0.19,2851,2000,,<490,<270,900,360,42,46,<30,,<30,240,250
Arctic Europe,Svalbard,European High Arctic,seawater,2,3.38,3.09,4.6,0.5,-6.6,0.5,0.19,33922,314,98,16,103,107,95,265,25,37,3,<257,<1,15
Arctic Europe,Svalbard,European High Arctic,seawater,3,3.38,3.09,4.6,0.5,-6.6,0.5,0.19,33922,<579,<13,128,491,928,224,563,128,151,26,<257,<1,42
Arctic Europe,Svalbard,European High Arctic,Glacial runoff,3,3.38,3.09,4.6,0.5,-6.6,0.5,0.19,33922,747,60,61,109,45,47,3,7,11,<1,<257,<1,<5
Arctic Europe,Svalbard,European High Arctic,Glacial runoff,3,3.38,3.09,4.6,0.5,-6.6,0.5,0.19,33922,924,59,55,131,39,44,6,5,10,<1,<257,<1,7
Arctic Europe,Svalbard,European High Arctic,snow/ice,3,3.38,3.09,4.6,0.5,-6.6,0.5,0.19,33922,2356,63,30,72,27,47,17,16,10,<1,<257,<1,<5
Arctic Europe,Svalbard,European High Arctic,snow/ice,3,3.38,3.09,4.6,0.5,-6.6,0.5,0.19,33922,2903,113,110,178,55,81,28,25,21,<1,<257,<1,<5
Arctic Europe,Svalbard,European High Arctic,snow/ice,14,3.38,3.09,4.6,0.5,-6.6,0.5,0.19,33922,389,4,16,89,42,38,38,22,14,6,27,<1,18
Arctic Europe,Svalbard,European High Arctic,snow/ice,20,3.38,3.09,4.6,0.5,-6.6,0.5,0.19,33922,2081,48,125,82,219,47,104,24,24,1,2122,<1,10
Arctic Europe,Svalbard,European High Arctic,seawater,1,3.38,3.09,4.6,0.5,-6.6,0.5,0.19,33922,,<23,62.7304449,33.52428031,51.11078802,38.23495202,1.962779878,4.867694097,<3.3,<4.6,39.96219831,<18,37.37132887
Arctic Europe,Svalbard,European High Arctic,seawater,5,3.38,3.09,4.6,0.5,-6.6,0.5,0.19,33922,,<23,96,86,140,49,16,11,4.1,<4.6,75,49,148
Arctic Europe,Svalbard,European High Arctic,seawater,5,3.38,3.09,4.6,0.5,-6.6,0.5,0.19,33922,,<23,96,23,47,31,11,10,3.4,<4.6,23,<18,36
Arctic Europe,Svalbard,European High Arctic,seawater,5,3.38,3.09,4.6,0.5,-6.6,0.5,0.19,33922,,<23,35,23,47,31,11,10,3.4,<4.6,23,<18,36
Arctic Europe,Svalbard,European High Arctic,seawater,6,3.38,3.09,4.6,0.5,-6.6,0.5,0.19,33922,,<23,51,33,59,38,14,13,4.9,<4.6,31,21,84
Arctic Europe,Svalbard,European High Arctic,seawater,8,3.38,3.09,4.6,0.5,-6.6,0.5,0.19,33922,,<23,62.7304449,33.52428031,51.11078802,38.23495202,1.962779878,4.867694097,<3.3,<4.6,39.96219831,<18,37.37132887
Arctic Europe,Svalbard,Svalbard,seawater,3,3.38,3.09,4.6,0.5,-6.6,0.5,0.19,33922,57.2,352,55.7,14.6,74.4,38.6,<5,<5,<5,<5,<25,27.5,109
Arctic Europe,Svalbard,Svalbard,Glacial runoff,6,3.38,3.09,4.6,0.5,-6.6,0.5,0.19,33922,1157.6,1046.9,259.08,153.1,305.2,103,19.4,12.2,7.63,<5,<25,158.8,290
Arctic Europe,Svalbard,Svalbard,Glacial runoff,4,3.38,3.09,4.6,0.5,-6.6,0.5,0.19,33922,287.1,839.1,104.4,110.1,107.1,77.9,7.32,4.37,5.72,<5,<25,<5,33
Arctic Europe,Svalbard,Svalbard,snow/ice,4,3.38,3.09,4.6,0.5,-6.6,0.5,0.19,33922,108.5,30.2,75.8,17.1,112.5,50.5,21.8,<5,6.69,<5,<25,<5,33.9
Arctic Europe,Svalbard,Svalbard,snow/ice,5,3.38,3.09,4.6,0.5,-6.6,0.5,0.19,33922,253,81.2,88.7,123.2,395.7,245.2,89.7,35,15.8,<5,<25,18.4,118.4
Arctic Europe,Svalbard,Svalbard,snow/ice,13,3.38,3.09,4.6,0.5,-6.6,0.5,0.19,33922,22.7,6.4,13.5,<5,19.5,14.3,4.43,1.69,3.68,<5,<25,<5,8.6
Arctic Europe,Svalbard,Svalbard,snow/ice,13,3.38,3.09,4.6,0.5,-6.6,0.5,0.19,33922,80,20.9,10.7,<5,24.5,14.4,3.97,2.02,0.65,<5,<25,<5,8.59
Arctic Europe,Svalbard,Kongsfjorden,seawater,10,3.38,3.09,4.6,0.5,-6.6,0.5,0.19,33922,775,233,<500,52.875,<250,12.5,<100,<100,<50,,80,<500,<500
Arctic Europe,Scandinavia,Umea,snow/ice,24,3.38,3.09,4.7,0.2,2.6,0.2,0.19,2851,335,165,46.9,2.1,66.5,26.9,16.9,12.7,5,<1.5,98.7,25.1,20.5
North Asia,Russian Arctic,North Asia,seawater,1,3.38,3.09,12,0.3,-4.1,0.3,1.1,2410,,<10,24,<5,30,39,<5,17,<10,<10,12,<5,18
North Asia,Russian Arctic,North Asia,snow/ice,1,3.38,3.09,12,0.3,-4.1,0.3,1.1,2410,,<10,109,49,294,253,142,92,88,<10,<5,18,343
North Asia,Arctic Ocean,North Asia,seawater,1,3.38,3.09,12,0.3,-4.1,0.3,1.1,2410,1000,<20,<27,99,39,92,45,34,<9,50,<17,<66,<21
North Asia,Arctic Ocean,North Asia,seawater,1,3.38,3.09,12,0.3,-4.1,0.3,1.1,2410,<130,<20,30,44,120,84,93,70,20,130,<17,<66,73
North Asia,Arctic Ocean,North Asia,seawater,1,3.38,3.09,12,0.3,-4.1,0.3,1.1,2410,<130,<20,<27,91,110,61,96,93,49,330,<17,<66,21
North Asia,Arctic Ocean,North Asia,seawater,1,3.38,3.09,12,0.3,-4.1,0.3,1.1,2410,<130,<20,<27,80,57,79,76,120,75,500,<17,<66,<21
North Asia,Arctic Ocean,North Asia,seawater,1,3.38,3.09,12,0.3,-4.1,0.3,1.1,2410,<130,66,<27,23,52,38,<35,<21,<9,<25,41,<66,<21
North Asia,Arctic Ocean,North Asia,seawater,1,3.38,3.09,12,0.3,-4.1,0.3,1.1,2410,<130,31,<27,<11,290,110,130,26,<9,<25,1500,<66,33
North Asia,Arctic Ocean,North Asia,seawater,1,3.38,3.09,12,0.3,-4.1,0.3,1.1,2410,<130,48,<27,<11,170,69,80,<21,<9,<25,<17,<66,44
North Asia,Arctic Ocean,North Asia,seawater,1,3.38,3.09,12,0.3,-4.1,0.3,1.1,2410,<130,<20,<27,<11,140,41,83,<21,<9,<25,<17,<66,<21
North Asia,Arctic Ocean,North Asia,seawater,1,3.38,3.09,12,0.3,-4.1,0.3,1.1,2410,670,23,<27,61,82,110,50,26,<9,<25,170,<66,<21
North Asia,Arctic Ocean,North Asia,seawater,1,3.38,3.09,12,0.3,-4.1,0.3,1.1,2410,430,52,61,<11,710,220,280,65,<9,<25,160,<66,37
North Asia,Arctic Ocean,North Asia,seawater,1,3.38,3.09,12,0.3,-4.1,0.3,1.1,2410,<130,37,<27,<11,220,88,85,23,<9,<25,91,<66,<21
North Asia,Arctic Ocean,North Asia,seawater,1,3.38,3.09,12,0.3,-4.1,0.3,1.1,2410,<130,33,<27,41,150,49,53,<21,<9,<25,58,<66,<21
Central Europe,Colle Gnifetti,Central Europe,snow/ice,1,3.38,3.09,16.1,0.4,7.2,0.3,0.14,2075,690,<30,60,40,300,<120,<60,<100,<80,<80,,,<160
Central Europe,Alto dell’Ortles glacier,Central Europe,snow/ice,1,3.38,3.09,16.1,0.4,7.2,0.3,0.14,2075,1410,60,110,160,380,220,120,<100,<80,<80,,,<160
South and Central Asia,Khumbu Glacier,Central Asia,snow/ice,1,3.38,3.09,2.3,0.2,-1.1,0.2,0.565,97604,,,3380,,2140,,,,,,,,26140
South and Central Asia,Khumbu Glacier,Central Asia,snow/ice,1,3.38,3.09,2.3,0.2,-1.1,0.2,0.565,97604,,,1570,,5090,,,,,,,,
South and Central Asia,Khumbu Glacier,Central Asia,snow/ice,1,3.38,3.09,2.3,0.2,-1.1,0.2,0.565,97604,,,,,1110,,,,,,,,10340
South and Central Asia,Khumbu Glacier,Central Asia,snow/ice,1,3.38,3.09,2.3,0.2,-1.1,0.2,0.565,97604,,,630,,,,,,,,,,
South and Central Asia,Khumbu Glacier,Central Asia,snow/ice,1,3.38,3.09,2.3,0.2,-1.1,0.2,0.565,97604,,,1620,,2170,,,,,,,,1080
South and Central Asia,Khumbu Glacier,Central Asia,snow/ice,1,3.38,3.09,2.3,0.2,-1.1,0.2,0.565,97604,,,910,,,,,,,,,,
South and Central Asia,Khumbu Glacier,Central Asia,Glacial runoff,1,3.38,3.09,2.3,0.2,-1.1,0.2,0.565,97604,,,1020,,290,,,,,,,,
South and Central Asia,Khumbu Glacier,Central Asia,Glacial runoff,1,3.38,3.09,2.3,0.2,-1.1,0.2,0.565,97604,,,,,,,,,,,,,1240
South and Central Asia,Khumbu Glacier,Central Asia,Glacial runoff,1,3.38,3.09,2.3,0.2,-1.1,0.2,0.565,97604,,,,,3680,,,,,,,,
South and Central Asia,Altai,Central Asia,snow/ice,1,3.38,3.09,2.3,0.2,-1.1,0.2,0.565,97604,633.2,24.5,34.5,29.9,122.6,100.3,200.3,34.5,10.3,23.4,23.2,3.4,335.4
South and Central Asia,Urumqi No.1 Glacier,Central Asia,snow/ice,1,3.38,3.09,2.3,0.2,-1.1,0.2,0.565,97604,588.4,38.6,38.4,34.2,324.5,98.3,453.2,22.5,12.3,3.4,15.5,6.8,698.4
South and Central Asia,Kaerlike Glacier,Central Asia,snow/ice,1,3.38,3.09,2.3,0.2,-1.1,0.2,0.565,97604,437.2,73.4,11.3,22.4,231.3,76.5,87.8,34.8,7.2,5.6,28.9,3.5,284.6
South and Central Asia,Muztag Glacier,Central Asia,snow/ice,1,3.38,3.09,2.3,0.2,-1.1,0.2,0.565,97604,454.3,103.6,29.9,89.3,234.2,75.3,69.2,17.9,4.5,1.5,25.2,2.9,232.7
South and Central Asia,Laohugou No.12 Glacier,Central Asia,snow/ice,1,3.38,3.09,2.3,0.2,-1.1,0.2,0.565,97604,783.3,38.7,33.7,49.5,72.8,76.9,134.6,17.8,3.4,1.8,39.5,5.7,994.7
South and Central Asia,Germu,Central Asia,snow/ice,1,3.38,3.09,2.3,0.2,-1.1,0.2,0.565,97604,378.4,55.6,14.4,98.3,122.8,100.6,111.3,34.5,5.2,3.5,38.2,2.6,849.3
South and Central Asia,Ali Glacier,Central Asia,snow/ice,1,3.38,3.09,2.3,0.2,-1.1,0.2,0.565,97604,95.5,34.9,56.2,87.3,136.8,129.3,231.2,29.5,4.7,3.5,5.5,3.6,294.6
South and Central Asia,Shuanghu Glacier,Central Asia,snow/ice,1,3.38,3.09,2.3,0.2,-1.1,0.2,0.565,97604,384.6,86.8,64.7,64.3,47.8,67.9,34.4,76.2,8.6,9.2,9.7,1.8,385.5
South and Central Asia,Guoqu,Central Asia,snow/ice,1,3.38,3.09,2.3,0.2,-1.1,0.2,0.565,97604,283.1,79.5,12.3,67.4,103.3,98.7,64.5,33.4,3.7,6.5,6.9,2.8,109.7
South and Central Asia,Pulan glacier,Central Asia,snow/ice,1,3.38,3.09,2.3,0.2,-1.1,0.2,0.565,97604,222.2,99.3,34.2,83.4,633.8,230.2,233.3,15.3,8.5,4.2,25.4,3.6,278.4
South and Central Asia,Nianqin Glacier,Central Asia,snow/ice,1,3.38,3.09,2.3,0.2,-1.1,0.2,0.565,97604,183.5,65.8,44.3,65.3,588.9,384.2,221.2,26.4,8.3,3.5,13.7,4.7,273.4
South and Central Asia,Jimayangzong Glacier,Central Asia,snow/ice,1,3.38,3.09,2.3,0.2,-1.1,0.2,0.565,97604,394.5,78.6,27.5,27.8,765.2,188.4,342.2,26.7,6.9,2.5,43.5,3.6,109.6
South and Central Asia,Ranwu,Central Asia,snow/ice,1,3.38,3.09,2.3,0.2,-1.1,0.2,0.565,97604,654.2,46.9,23.8,45.3,669.7,453.2,295.3,38.5,9.4,3.7,66.8,5.9,389.5
South and Central Asia,East Rongbuk Glacier,Central Asia,snow/ice,1,3.38,3.09,2.3,0.2,-1.1,0.2,0.565,97604,374.6,77.8,33.6,27.4,398.7,345.8,564.6,25.1,6.4,3.5,12.6,7.6,193.4
South and Central Asia,"Yulong, Baishui No.1 Glacier",Central Asia,snow/ice,1,3.38,3.09,2.3,0.2,-1.1,0.2,0.565,97604,745.4,96.4,43.2,105.3,1089,654.2,339.9,24.5,5.5,4.7,67.8,9.2,783.3
South and Central Asia,Mt. Zuoqiupu glacier,Central Asia,snow/ice,1,3.38,3.09,2.3,0.2,-1.1,0.2,0.565,97604,36.7,39.4,<20,<20,183,25.7,<20,<5,<10,<20,<20,<20,<25.2
South and Central Asia,Mt. Muztagata glacie,Central Asia,snow/ice,1,3.38,3.09,2.3,0.2,-1.1,0.2,0.565,97604,<20,142,100,<20,243,42.2,50,9.97,33.1,<20,<20,<20,307.8
South and Central Asia,Lake Namco,Central Asia,snow/ice,1,3.38,3.09,2.3,0.2,-1.1,0.2,0.565,97604,2569,205.4,120.1,612.2,159.4,78.3,26.4,9.5,17.8,<20,<20,<20,43.4
South and Central Asia,Lake Namco,Central Asia,snow/ice,1,3.38,3.09,2.3,0.2,-1.1,0.2,0.565,97604,2411,317.6,140,982.1,176.6,90.8,31.9,6.9,12.3,<20,<20,<20,64.1
South and Central Asia,Lake Namco,Central Asia,snow/ice,1,3.38,3.09,2.3,0.2,-1.1,0.2,0.565,97604,2291,264,125.8,376.1,125.2,81.6,35.8,13.2,10.6,<20,<20,<20,25
South and Central Asia,Lake Namco,Central Asia,snow/ice,1,3.38,3.09,2.3,0.2,-1.1,0.2,0.565,97604,2116,189,140,576.4,163.4,74.5,25.2,6.46,<10,<20,<20,<20,51.9
South and Central Asia,Lake Namco,Central Asia,snow/ice,1,3.38,3.09,2.3,0.2,-1.1,0.2,0.565,97604,1868,350,106,436,155.4,75,21,5.2,<10,<20,<20,<20,57
South and Central Asia,Lake Namco,Central Asia,snow/ice,1,3.38,3.09,2.3,0.2,-1.1,0.2,0.565,97604,1581,287,132,254.5,143,60,28.2,17.92,18.6,<20,<20,<20,25
South and Central Asia,Lake Namco,Central Asia,snow/ice,1,3.38,3.09,2.3,0.2,-1.1,0.2,0.565,97604,1489,220.1,115.7,241,190.9,83,18.4,18.1,<10,<20,<20,<20,61.5
South and Central Asia,Lake Namco,Central Asia,snow/ice,1,3.38,3.09,2.3,0.2,-1.1,0.2,0.565,97604,913,94.5,63.5,652.5,68.1,49.2,9.2,<5,<10,<20,<20,<20,25
South and Central Asia,ZD glacier,South Asia (East),snow/ice,1,3.38,3.09,12.4,0.2,4.8,0.2,0.565,97604,410.5,92.7,49.2,43.1,164.7,63.9,24.3,24.7,9.3,0.6,118.6,35.8,54.4
South and Central Asia,ZD glacier,South Asia (East),snow/ice,1,3.38,3.09,12.4,0.2,4.8,0.2,0.565,97604,484.3,154.6,27.2,55.9,111.7,30.9,25.1,14.7,5.1,1.4,770.7,5.9,22.5
South and Central Asia,ZD glacier,South Asia (East),snow/ice,1,3.38,3.09,12.4,0.2,4.8,0.2,0.565,97604,397.4,126.9,55.9,66.9,157.8,87.6,68.8,18.6,9.4,0.61,54.3,11.8,46.9
South and Central Asia,ZD glacier,South Asia (East),snow/ice,1,3.38,3.09,12.4,0.2,4.8,0.2,0.565,97604,556.1,95.3,30.43,33.5,115.4,41.9,27.9,20.5,17.2,7,73,9.2,114.8
South and Central Asia,ZD glacier,South Asia (East),snow/ice,1,3.38,3.09,12.4,0.2,4.8,0.2,0.565,97604,584.4,77.6,91.4,71.6,156.4,63.1,42.3,54.5,12.9,1.5,121.4,12.9,53.5
South and Central Asia,ZD glacier,South Asia (East),snow/ice,1,3.38,3.09,12.4,0.2,4.8,0.2,0.565,97604,962.2,325.6,95.5,151.3,156.8,280.4,163.2,133.6,22.1,7.9,132.4,7.1,175.6
South and Central Asia,ZD glacier,South Asia (East),snow/ice,1,3.38,3.09,12.4,0.2,4.8,0.2,0.565,97604,425.3,67.3,61.4,64.5,104.3,53.5,29.7,21.7,7.4,3,147.2,7.6,35.1
South and Central Asia,ZD glacier,South Asia (East),snow/ice,1,3.38,3.09,12.4,0.2,4.8,0.2,0.565,97604,416.8,117.8,28.5,83.8,117.1,28.8,22,11,3,1.6,53.9,7.8,18.9
South and Central Asia,ZD glacier,South Asia (East),snow/ice,1,3.38,3.09,12.4,0.2,4.8,0.2,0.565,97604,714.9,384.9,103,157.6,110.2,75.6,40.8,42.4,7.1,4.8,158.1,8.13,52.2
South and Central Asia,ZD glacier,South Asia (East),snow/ice,1,3.38,3.09,12.4,0.2,4.8,0.2,0.565,97604,469.7,153,27.4,37.2,76.2,60.6,29.7,20.3,2.9,2,33.2,4,27.2
South and Central Asia,ZD glacier,South Asia (East),snow/ice,1,3.38,3.09,12.4,0.2,4.8,0.2,0.565,97604,244.1,78.5,98,42.5,381.2,159.4,198.2,165.2,23.3,12,12.7,5.8,135.3
South and Central Asia,ZD glacier,South Asia (East),snow/ice,1,3.38,3.09,12.4,0.2,4.8,0.2,0.565,97604,821.9,180.4,68.5,134.9,132.6,206.5,36,15.1,16.2,2.4,7.6,6.8,18
South and Central Asia,Lake Namco,Central Asia,Glacial runoff,1,3.38,3.09,2.3,0.2,-1.1,0.2,0.565,97604,237.8,58.4,23.8,69.8,31,9.8,7.1,2.7,4.8,1.4,34.5,11.7,29.1
South and Central Asia,Lake Namco,Central Asia,Glacial runoff,1,3.38,3.09,2.3,0.2,-1.1,0.2,0.565,97604,155.6,40.3,41.4,98.8,53.5,32.1,13.7,<0.9,0.8,<1.7,85.4,21.8,495.3
South and Central Asia,Lake Namco,Central Asia,Glacial runoff,1,3.38,3.09,2.3,0.2,-1.1,0.2,0.565,97604,249.4,71.6,62.3,121.3,166.2,25.7,60.8,35.4,3.3,<1.7,59.1,14.8,373.4
South and Central Asia,Lake Namco,Central Asia,Glacial runoff,1,3.38,3.09,2.3,0.2,-1.1,0.2,0.565,97604,433.1,88.8,86.2,116.7,144.3,35.4,51.9,6,2.4,0.7,192.7,30.5,<0.3
South and Central Asia,Lake Namco,Central Asia,Glacial runoff,1,3.38,3.09,2.3,0.2,-1.1,0.2,0.565,97604,100.6,23.3,21.9,498.7,24.9,21.1,11.3,4.7,2.1,<1.7,47.6,11.6,37.1
South and Central Asia,Lake Namco,Central Asia,Glacial runoff,1,3.38,3.09,2.3,0.2,-1.1,0.2,0.565,97604,72,101.3,270.4,162.9,726.4,178.4,247.7,31.6,14.5,<1.7,44.7,9.2,146.8
South and Central Asia,Lake Namco,Central Asia,Glacial runoff,1,3.38,3.09,2.3,0.2,-1.1,0.2,0.565,97604,612.5,192.6,68.7,112.4,185.9,51,78.3,4.3,6,<1.7,104.4,14.7,740.1
South and Central Asia,Lake Namco,Central Asia,Glacial runoff,1,3.38,3.09,2.3,0.2,-1.1,0.2,0.565,97604,107.3,90.5,37.9,38.3,26.5,22,7.2,7,5.3,0.6,75.1,17.3,64.3
South and Central Asia,Lake Namco,Central Asia,Glacial runoff,1,3.38,3.09,2.3,0.2,-1.1,0.2,0.565,97604,127.5,115.5,57.9,121.3,100.6,45,39.3,6.9,12.1,1.3,30.4,9.9,44.9
South and Central Asia,Lake Namco,Central Asia,Glacial runoff,1,3.38,3.09,2.3,0.2,-1.1,0.2,0.565,97604,179,287.5,36.6,110.5,49.3,40.3,20.4,6.1,6.1,0.8,136.7,25.7,179.9
South and Central Asia,Lake Namco,Central Asia,Glacial runoff,1,3.38,3.09,2.3,0.2,-1.1,0.2,0.565,97604,94.5,58.2,82.5,127.4,186,48.9,77.6,9.3,5.3,<1.7,31.8,12.8,109.7
South and Central Asia,Lake Namco,Central Asia,Glacial runoff,1,3.38,3.09,2.3,0.2,-1.1,0.2,0.565,97604,59.5,30.8,183.8,172.7,337.2,63.5,118,19.2,19.8,1.2,45.8,12.9,11.4
South and Central Asia,Lake Namco,Central Asia,Glacial runoff,1,3.38,3.09,2.3,0.2,-1.1,0.2,0.565,97604,123.8,215.5,41.7,99.8,82.8,15.7,32.6,6.2,2.5,<1.7,53.7,18.9,101.6
South and Central Asia,Lake Namco,Central Asia,Glacial runoff,1,3.38,3.09,2.3,0.2,-1.1,0.2,0.565,97604,533.4,357.4,92.2,198.9,222.7,108.2,83.8,9.9,9.8,0.9,101.4,57.4,145.5
South and Central Asia,Lake Namco,Central Asia,Glacial runoff,1,3.38,3.09,2.3,0.2,-1.1,0.2,0.565,97604,124.4,155.5,38.1,90,18.4,4.6,1,1,<1.2,<1.7,27.2,7.6,3.1
South and Central Asia,Lake Namco,Central Asia,Glacial runoff,1,3.38,3.09,2.3,0.2,-1.1,0.2,0.565,97604,254.8,41.8,36.4,<1.7,27.7,10.6,1,3,<1.2,<1.7,46.7,10,7.6
South and Central Asia,Lake Namco,Central Asia,Glacial runoff,1,3.38,3.09,2.3,0.2,-1.1,0.2,0.565,97604,111.7,39.2,32.4,260.8,28.3,42.7,10,<0.9,2.3,<1.7,47.3,9.1,53.6
South and Central Asia,Lake Namco,Central Asia,Glacial runoff,1,3.38,3.09,2.3,0.2,-1.1,0.2,0.565,97604,143.5,65.7,39.5,82.6,25.5,20.7,6.4,2.9,4.4,<1.7,30.3,7.7,66.7
South and Central Asia,Lake Namco,Central Asia,Glacial runoff,1,3.38,3.09,2.3,0.2,-1.1,0.2,0.565,97604,97.1,38,19.1,60.1,10.9,9.4,7.3,2.5,3.6,0.8,19.7,6.8,77.7
South and Central Asia,Namco basin,Central Asia,Glacial runoff,1,3.38,3.09,2.3,0.2,-1.1,0.2,0.565,97604,507.78,58.59,19.53,19.53,48.825,9.765,9.765,<0.9,<1.2,<1.7,68.355,9.765,214.83
South and Central Asia,Namco basin,Central Asia,Glacial runoff,1,3.38,3.09,2.3,0.2,-1.1,0.2,0.565,97604,517.592,187.404,17.848,8.924,26.772,8.924,8.924,<0.9,<1.2,<1.7,53.544,8.924,53.544
South and Central Asia,Namco basin,Central Asia,Glacial runoff,1,3.38,3.09,2.3,0.2,-1.1,0.2,0.565,97604,1325.44,122.08,34.88,34.88,17.44,17.44,<1.6,<0.9,<1.2,<1.7,87.2,17.44,52.32
South and Central Asia,Namco basin,Central Asia,Glacial runoff,1,3.38,3.09,2.3,0.2,-1.1,0.2,0.565,97604,666.936,111.156,9.263,9.263,18.526,9.263,<1.6,<0.9,9.263,<1.7,64.841,9.263,18.526
South and Central Asia,Namco basin,Central Asia,Glacial runoff,1,3.38,3.09,2.3,0.2,-1.1,0.2,0.565,97604,562.152,95.28,38.112,28.584,47.64,19.056,9.528,<0.9,9.528,<1.7,66.696,9.528,76.224
South and Central Asia,Namco basin,Central Asia,Glacial runoff,1,3.38,3.09,2.3,0.2,-1.1,0.2,0.565,97604,746.12,437.94,32.44,81.1,48.66,32.44,16.22,<0.9,<1.2,<1.7,97.32,32.44,81.1
South and Central Asia,Namco basin,Central Asia,Glacial runoff,1,3.38,3.09,2.3,0.2,-1.1,0.2,0.565,97604,1157.3,163,32.6,16.3,65.2,32.6,16.3,<0.9,16.3,<1.7,48.9,16.3,48.9
South and Central Asia,Namco basin,Central Asia,Glacial runoff,1,3.38,3.09,2.3,0.2,-1.1,0.2,0.565,97604,1183.4,271.6,58.2,58.2,58.2,38.8,19.4,<0.9,<1.2,<1.7,116.4,19.4,116.4
South and Central Asia,ZD glacier,Central Asia,Glacial runoff,62,3.38,3.09,2.3,0.2,-1.1,0.2,0.565,97604,751.704918,187.905,42.62786885,68.80181818,46.53770492,32.91803279,10.49344262,4.580701754,11.56721311,3.878,56.67704918,13.9147541,45.53278689
South and Central Asia,Tibetan plateau,Central Asia,snow/ice,1,3.38,3.09,2.3,0.2,-1.1,0.2,0.565,97604,111.7433687,19.04020362,12.06014081,6.944033943,23.03486038,5.711231747,3.545340495,4.338136784,1.631514933,<1.4,4.619537012,1.505065619,16.65679548
South and Central Asia,Tibetan plateau,Central Asia,snow/ice,1,3.38,3.09,2.3,0.2,-1.1,0.2,0.565,97604,245.6409488,36.3700989,197.0305568,44.77709892,33.68724116,43.86898568,23.60364459,45.86057636,5.23036261,2.575388539,36.05401213,17.21143533,71.73696285
South and Central Asia,Tibetan plateau,Central Asia,snow/ice,1,3.38,3.09,2.3,0.2,-1.1,0.2,0.565,97604,577.8254691,116.8322356,145.9186106,31.47346941,52.91856844,49.54577518,45.56398608,26.57287402,<1.7,<1.4,30.72507066,3.108609914,18.53421626
South and Central Asia,Tibetan plateau,Central Asia,snow/ice,1,3.38,3.09,2.3,0.2,-1.1,0.2,0.565,97604,111.0786916,16.30681457,7.165343076,5.17123131,14.05949047,5.760118491,1.168240118,2.447181223,<1.7,<1.4,33.06390139,3.324697355,13.81440872
South and Central Asia,Tibetan plateau,Central Asia,snow/ice,1,3.38,3.09,2.3,0.2,-1.1,0.2,0.565,97604,511.9,137.3,64.63333333,71.53333333,196.6666667,142.1666667,87.96666667,66.86666667,14.13333333,5.466666667,17.83333333,5.533333333,60.16666667
South and Central Asia,Tibetan plateau,Central Asia,snow/ice,1,3.38,3.09,2.3,0.2,-1.1,0.2,0.565,97604,185.5,32.6,26.9,6.2,21.4,3.9,<1.2,2.4,<1.7,<1.4,14.6,5,36
South and Central Asia,Tibetan plateau,Central Asia,snow/ice,1,3.38,3.09,2.3,0.2,-1.1,0.2,0.565,97604,3791.669266,79.48093779,36.72728373,5.858985581,19.34071077,1.758421015,<1.2,1.325526208,<1.7,<1.4,296.4741024,30.80323201,11.78946505
South and Central Asia,Tibetan plateau,Central Asia,Glacial runoff,1,3.38,3.09,2.3,0.2,-1.1,0.2,0.565,97604,796.3531013,356.1260813,135.8439392,70.44839728,44.42512778,18.89262371,6.791823754,3.192994381,2.084718767,1.203965347,324.704166,17.62130072,40.52332146
South and Central Asia,Tibetan plateau,Central Asia,Glacial runoff,1,3.38,3.09,2.3,0.2,-1.1,0.2,0.565,97604,1238.090095,68.69679113,61.56761221,88.63777693,60.46319948,38.73955722,4.236540916,5.64572505,<1.7,<1.4,30.62754214,33.378518,15.19143807
South and Central Asia,Tibetan plateau,Central Asia,Glacial runoff,1,3.38,3.09,2.3,0.2,-1.1,0.2,0.565,97604,382.3183209,40.10708132,25.8592913,48.66254544,29.94638352,22.86208361,3.84352696,2.51665849,<1.7,<1.4,72.04490606,3.797253162,41.24350113
South and Central Asia,Tibetan plateau,Central Asia,Glacial runoff,1,3.38,3.09,2.3,0.2,-1.1,0.2,0.565,97604,220.4285714,123.6928571,79.09285714,146.3928571,166.95,49.79285714,60.69285714,11.48461538,6.771428571,0.646153846,74.52142857,19.22857143,190.7
South and Central Asia,Tibetan plateau,Central Asia,Glacial runoff,1,3.38,3.09,2.3,0.2,-1.1,0.2,0.565,97604,779.95,102.8,103.975,96.275,77.825,33.825,8.25,4.425,<1.7,<1.4,110.325,12.1,29.9
South and Central Asia,Tibetan plateau,Central Asia,Glacial runoff,1,3.38,3.09,2.3,0.2,-1.1,0.2,0.565,97604,2143.203969,50.04070273,60.69780281,56.08095412,51.90288657,23.17292948,3.597922357,2.127779059,<1.7,<1.4,135.4678467,18.80532246,64.08580608
South and Central Asia,ZF-River-1,South Asia (East),Glacial runoff,1,3.38,3.09,12.4,0.2,4.8,0.2,0.565,97604,4112.155757,113.4849422,138.4572796,119.5011408,124.1316443,37.34379714,10.20599752,3.83995803,5.459358466,1.736000182,221.0226339,44.0369378,86.28458539
South and Central Asia,ZF-River-2,South Asia (East),Glacial runoff,1,3.38,3.09,12.4,0.2,4.8,0.2,0.565,97604,8836.069485,318.6736278,190.1287645,121.4216977,168.513182,57.04682558,8.417580486,2.491354901,1.376370589,1.780440067,393.5492151,58.45266613,66.25638917
South and Central Asia,ZF-River-3,South Asia (East),Glacial runoff,1,3.38,3.09,12.4,0.2,4.8,0.2,0.565,97604,4057.485741,113.9086682,90.67035313,75.47088021,58.41683795,22.98067154,4.474105139,2.27627111,<1.7,<1.4,239.6067189,25.75470803,63.43719101
South and Central Asia,ZD-River-1,Central Asia,Glacial runoff,1,3.38,3.09,2.3,0.2,-1.1,0.2,0.565,97604,530.8,62.3,21.1,17.6,36.9,36.2,10.8,5.7,14.5,<1.4,15.9,3.5,12.1
South and Central Asia,ZD-River-2,Central Asia,Glacial runoff,1,3.38,3.09,2.3,0.2,-1.1,0.2,0.565,97604,341.9,83,40.4,30.6,201.4,65.4,60.7,6.9,5.4,0.7,19.8,9.1,41.5
South and Central Asia,ZD-River-3,Central Asia,Glacial runoff,1,3.38,3.09,2.3,0.2,-1.1,0.2,0.565,97604,1158,163.2,40.7,24.1,71.6,39.2,12.4,4.3,8.4,0.8,54.7,8.7,43.5
South and Central Asia,KG-River-1,Central Asia,Glacial runoff,1,3.38,3.09,2.3,0.2,-1.1,0.2,0.565,97604,496.931843,48.18568315,17.75444749,40.09004751,29.86292146,40.35763789,7.860425337,5.917415447,0.611412436,<1.4,59.11825282,4.119411364,16.85816595
South and Central Asia,KG-River-2,Central Asia,Glacial runoff,1,3.38,3.09,2.3,0.2,-1.1,0.2,0.565,97604,497.806917,72.45663017,27.13509114,70.22889026,61.14247298,41.53723334,8.997242554,5.712744513,2.728803499,<1.4,61.73445759,3.579560125,36.68738804
South and Central Asia,KG-River-3,Central Asia,Glacial runoff,1,3.38,3.09,2.3,0.2,-1.1,0.2,0.565,97604,1360.442328,74.0946229,48.8653529,72.99504804,55.09359855,45.57717515,5.21197445,2.111737803,0.793054274,<1.4,79.92915518,12.68637262,54.45301191
South and Central Asia,QY-River-1,Central Asia,Glacial runoff,1,3.38,3.09,2.3,0.2,-1.1,0.2,0.565,97604,192,27.1,15.7,18.5,19.3,5.3,2.6,2,<1.7,<1.4,23.9,2,3.3
South and Central Asia,QY-River-2,Central Asia,Glacial runoff,1,3.38,3.09,2.3,0.2,-1.1,0.2,0.565,97604,498.7,93.5,65.4,94.3,66.5,37.5,7.7,3.6,<1.7,<1.4,53.9,10.1,21.3
South and Central Asia,QY-River-3,Central Asia,Glacial runoff,1,3.38,3.09,2.3,0.2,-1.1,0.2,0.565,97604,341.6,103.2,59.3,83.4,62.9,31.4,6.6,4.4,<1.7,<1.4,32.6,9.7,24.5
South and Central Asia,CJ-River-1,Central Asia,Glacial runoff,1,3.38,3.09,2.3,0.2,-1.1,0.2,0.565,97604,882.0304489,51.52154465,34.20424455,31.13200411,55.51570244,11.00852857,8.609117341,4.743750823,1.160042344,<1.4,50.903513,7.635437563,11.51326793
South and Central Asia,CJ-River-2,Central Asia,Glacial runoff,1,3.38,3.09,2.3,0.2,-1.1,0.2,0.565,97604,676.0271548,66.88972887,26.6993166,21.36074926,31.0383579,10.61423378,1.871354109,2.224173873,2.102985113,<1.4,25.62061425,4.44454463,8.829295151
South and Central Asia,CJ-River-3,Central Asia,Glacial runoff,1,3.38,3.09,2.3,0.2,-1.1,0.2,0.565,97604,777.3328938,52.29274766,32.14565805,28.32645051,55.58298039,14.73680211,34.43147235,12.00998024,1.509246494,<1.4,119,6.447935682,8.790978228
South and Central Asia,GL-River-1,Central Asia,Glacial runoff,1,3.38,3.09,2.3,0.2,-1.1,0.2,0.565,97604,91.80309024,13.57952691,6.436639323,11.32390846,17.19560064,3.771235007,1.792872063,0.949804659,<1.7,<1.4,46.12501256,4.377614009,231.6345176
South and Central Asia,GL-River-2,Central Asia,Glacial runoff,1,3.38,3.09,2.3,0.2,-1.1,0.2,0.565,97604,137.7058596,28.77071753,11.20827518,17.93991328,41.75710461,5.532947551,2.375861707,1.743861942,0.835251058,<1.4,14.05970901,2.729819135,22.44841537
South and Central Asia,GL-River-3,Central Asia,Glacial runoff,1,3.38,3.09,2.3,0.2,-1.1,0.2,0.565,97604,203.7870753,49.77072416,10.45744817,22.11574199,20.5082416,6.453522353,3.38108872,<0.9,<1.7,<1.4,81.92513223,3.167746314,118.1759285
South and Central Asia,PL-River-1,Central Asia,Glacial runoff,1,3.38,3.09,2.3,0.2,-1.1,0.2,0.565,97604,111.0786916,16.30681457,7.165343076,5.17123131,14.05949047,5.760118491,1.168240118,2.447181223,0.760086318,<1.4,33.06390139,3.324697355,13.81440872
South and Central Asia,PL-River-2,Central Asia,Glacial runoff,1,3.38,3.09,2.3,0.2,-1.1,0.2,0.565,97604,215.6898689,24.10304271,7.759347542,10.18279889,24.10792869,6.785954421,3.229145328,2.327253274,0.734885012,<1.4,92.5572703,4.394131205,19.58244831
South and Central Asia,PL-River-3,Central Asia,Glacial runoff,1,3.38,3.09,2.3,0.2,-1.1,0.2,0.565,97604,413.0542616,53.78433203,25.67172429,51.33451456,32.118643,21.05947407,3.658481573,3.333475149,<1.7,<1.4,117.3412735,4.099167483,4.637946936
South and Central Asia,Tibetan plateau,Central Asia,Glacial runoff,3,3.38,3.09,2.3,0.2,-1.1,0.2,0.565,97604,778.4634992,56.90134039,31.0164064,26.93973462,47.37901358,12.11985482,14.97064793,6.325968311,1.590757984,<1.4,65.17470909,6.175972625,9.711180435
South and Central Asia,Tibetan plateau,Central Asia,Glacial runoff,3,3.38,3.09,2.3,0.2,-1.1,0.2,0.565,97604,624.4122692,57.95879127,29.72653909,64.18570638,43.61419357,38.73358476,6.565958022,4.420806302,0.994404799,<1.4,50.32891155,5.429262648,24.58888892
South and Central Asia,Tibetan plateau,Central Asia,Glacial runoff,3,3.38,3.09,2.3,0.2,-1.1,0.2,0.565,97604,144.4320084,30.70698953,9.367454224,17.12652124,26.48698228,5.252568304,2.516607497,1.3468333,<1.7,<1.4,47.36995127,3.425059819,124.0862872
South and Central Asia,Tibetan plateau,Central Asia,Glacial runoff,3,3.38,3.09,2.3,0.2,-1.1,0.2,0.565,97604,314.3720652,38.94368737,16.71553592,30.75865673,28.11328585,13.92271424,3.44381345,2.830364212,0.518602182,<1.4,104.9492719,4.246649344,12.11019762
South and Central Asia,Tibetan plateau,Central Asia,Glacial runoff,3,3.38,3.09,2.3,0.2,-1.1,0.2,0.565,97604,676.9,102.8333333,34.06666667,24.1,103.3,46.93333333,27.96666667,5.633333333,9.433333333,0.633333333,30.13333333,7.1,32.36666667
South and Central Asia,Tibetan plateau,Central Asia,Glacial runoff,3,3.38,3.09,2.3,0.2,-1.1,0.2,0.565,97604,344.1,74.6,46.8,65.4,49.56666667,24.73333333,5.633333333,3.333333333,<1.7,<1.4,36.8,7.266666667,16.36666667
South and Central Asia,Tibetan plateau,Central Asia,Glacial runoff,7,3.38,3.09,2.3,0.2,-1.1,0.2,0.565,97604,4619.308068,137.8607556,120.5829347,99.44551014,95.80021216,32.79134816,6.957546179,2.711985068,1.992830975,1.298551917,247.4508521,35.98991072,68.34606843
Antarctic and Subantarctic ice sheet,Livingston Island,Rothera,snow/ice,1,3.38,3.09,-4.1,1.1,0.9,0.5,0.07,13746463,180,<3.7,25,160,300,63,130,11,20,1.7,,<0.54,110
Antarctic and Subantarctic ice sheet,Livingston Island,Rothera,snow/ice,1,3.38,3.09,-4.1,1.1,0.9,0.5,0.07,13746463,68,<3.7,<0.59,<1.5,250,42,150,15,20,2.3,,<0.54,5.7
Antarctic and Subantarctic ice sheet,Livingston Island,Rothera,snow/ice,1,3.38,3.09,-4.1,1.1,0.9,0.5,0.07,13746463,240,<3.7,63,79,680,170,300,21,48,3.6,,23,750
Antarctic and Subantarctic ice sheet,Livingston Island,Rothera,snow/ice,1,3.38,3.09,-4.1,1.1,0.9,0.5,0.07,13746463,<6.6,53,230,33,66,14,9.1,5.3,2.9,0.92,,<0.54,8.1
Antarctic and Subantarctic ice sheet,Livingston Island,Rothera,snow/ice,1,3.38,3.09,-4.1,1.1,0.9,0.5,0.07,13746463,190,<3.7,11,39,54,20,23,2,0.51,<0.6,,<0.54,2.7
Antarctic and Subantarctic ice sheet,Livingston Island,Rothera,snow/ice,1,3.38,3.09,-4.1,1.1,0.9,0.5,0.07,13746463,13,<3.7,76,36,45,<14.4,7.4,<1.5,0.8,<0.6,,<0.54,9.1
Antarctic and Subantarctic ice sheet,Livingston Island,Rothera,snow/ice,1,3.38,3.09,-4.1,1.1,0.9,0.5,0.07,13746463,260,<3.7,6.5,52,47,<14.4,12,3.9,2.4,0.87,,<0.54,15
Antarctic and Subantarctic ice sheet,Livingston Island,Rothera,snow/ice,1,3.38,3.09,-4.1,1.1,0.9,0.5,0.07,13746463,200,<3.7,4.7,47,60,<14.4,6.1,2.6,1.5,<0.6,,<0.54,4.6
Antarctic and Subantarctic ice sheet,Livingston Island,Rothera,snow/ice,1,3.38,3.09,-4.1,1.1,0.9,0.5,0.07,13746463,<6.6,<3.7,7.5,50,60,26,12,5.7,5,1.1,,<0.54,16
Antarctic and Subantarctic ice sheet,Livingston Island,Rothera,snow/ice,1,3.38,3.09,-4.1,1.1,0.9,0.5,0.07,13746463,<6.6,<3.7,12,58,70,<14.4,11,3.7,2.3,<0.6,,<0.54,15
Antarctic and Subantarctic ice sheet,Livingston Island,Rothera,snow/ice,1,3.38,3.09,-4.1,1.1,0.9,0.5,0.07,13746463,<6.6,<3.7,<0.59,36,93,40,29,3.3,0.81,<0.6,,4.2,31
Antarctic and Subantarctic ice sheet,Livingston Island,Rothera,snow/ice,1,3.38,3.09,-4.1,1.1,0.9,0.5,0.07,13746463,<6.6,1.5,2.3,23,32,<14.4,9.1,5.2,6.2,0.92,,<0.54,2.1
Antarctic and Subantarctic ice sheet,Livingston Island,Rothera,snow/ice,1,3.38,3.09,-4.1,1.1,0.9,0.5,0.07,13746463,240,<3.7,41,120,340,170,120,120,<0.22,<0.6,,0.54,14
Antarctic and Subantarctic ice sheet,Livingston Island,Rothera,snow/ice,1,3.38,3.09,-4.1,1.1,0.9,0.5,0.07,13746463,400,27,37,58,130,40,30,15,12,4.4,,<0.54,1.3
Antarctic and Subantarctic ice sheet,Livingston Island,Rothera,snow/ice,1,3.38,3.09,-4.1,1.1,0.9,0.5,0.07,13746463,190,12,33,80,290,84,100,100,43,9.8,,0.51,8.3
Antarctic and Subantarctic ice sheet,Livingston Island,Rothera,snow/ice,1,3.38,3.09,-4.1,1.1,0.9,0.5,0.07,13746463,480,33,130,310,1300,330,600,150,180,32,,<0.54,14
Antarctic and Subantarctic ice sheet,Livingston Island,Rothera,Glacial runoff,1,3.38,3.09,-4.1,1.1,0.9,0.5,0.07,13746463,530,<3.7,7.4,26,29,18,7.1,2.5,<0.22,<0.6,,7.3,17
Antarctic and Subantarctic ice sheet,Livingston Island,Rothera,Glacial runoff,1,3.38,3.09,-4.1,1.1,0.9,0.5,0.07,13746463,370,<3.7,6.7,27,39,<14.4,3.1,2.6,1.7,0.74,,0.72,9.1
Antarctic and Subantarctic ice sheet,Livingston Island,Rothera,Glacial runoff,1,3.38,3.09,-4.1,1.1,0.9,0.5,0.07,13746463,360,<3.7,7.1,29,48,48,9.7,12,3.5,1.1,,<0.54,9.5
Antarctic and Subantarctic ice sheet,King George Island,Rothera,seawater,1,3.38,3.09,-4.1,1.1,0.9,0.5,0.07,13746463,<64.1,31.3,150.4,<5.6,81.1,<11.2,<17.6,13,<4.3,173,<8.3,,<10.4
Antarctic and Subantarctic ice sheet,King George Island,Rothera,seawater,1,3.38,3.09,-4.1,1.1,0.9,0.5,0.07,13746463,<64.1,25.1,56.6,<5.6,3614.6,<11.2,<17.6,<10.5,<4.3,19,9.4,,<10.4
Antarctic and Subantarctic ice sheet,King George Island,Rothera,seawater,1,3.38,3.09,-4.1,1.1,0.9,0.5,0.07,13746463,77.9,75.3,360.5,<5.6,460.1,<11.2,<17.6,<10.5,<4.3,115,<8.3,,<10.4
Antarctic and Subantarctic ice sheet,King George Island,Rothera,seawater,1,3.38,3.09,-4.1,1.1,0.9,0.5,0.07,13746463,64.3,44.1,136.5,<5.6,5718.3,<11.2,<17.6,<10.5,<4.3,25,10.9,,<10.4
Antarctic and Subantarctic ice sheet,King George Island,Rothera,seawater,1,3.38,3.09,-4.1,1.1,0.9,0.5,0.07,13746463,79.7,67.7,223.6,<5.6,103.7,<11.2,<17.6,43.2,<4.3,148,<8.3,,<10.4
Antarctic and Subantarctic ice sheet,King George Island,Rothera,seawater,1,3.38,3.09,-4.1,1.1,0.9,0.5,0.07,13746463,<64.1,74,230,<5.6,105,<11.2,<17.6,39.7,35.8,158,<8.3,,<10.4
Antarctic and Subantarctic ice sheet,King George Island,Rothera,seawater,1,3.38,3.09,-4.1,1.1,0.9,0.5,0.07,13746463,<64.1,83.1,360,<5.6,169,<11.2,<17.6,<10.5,<4.3,<24.8,11.3,,<10.4
Antarctic and Subantarctic ice sheet,King George Island,Rothera,seawater,1,3.38,3.09,-4.1,1.1,0.9,0.5,0.07,13746463,<64.1,57.1,108,<5.6,15096,<11.2,<17.6,<10.5,<4.3,<24.8,<8.3,,<10.4
Antarctic and Subantarctic ice sheet,King George Island,Rothera,seawater,1,3.38,3.09,-4.1,1.1,0.9,0.5,0.07,13746463,<64.1,82.2,224,28.1,8713,<11.2,<17.6,<10.5,<4.3,38,<8.3,,<10.4
Antarctic and Subantarctic ice sheet,King George Island,Rothera,seawater,1,3.38,3.09,-4.1,1.1,0.9,0.5,0.07,13746463,<64.1,43.4,136,<5.6,75.7,<11.2,<17.6,38.1,4.9,226,<8.3,,<10.4
Antarctic and Subantarctic ice sheet,King George Island,Rothera,snow/ice,1,3.38,3.09,-4.1,1.1,0.9,0.5,0.07,13746463,76.6,<10.1,142,<5.6,114.1,114.2,110.8,262.7,189.2,104,<8.3,,<10.4
Antarctic and Subantarctic ice sheet,King George Island,Rothera,snow/ice,1,3.38,3.09,-4.1,1.1,0.9,0.5,0.07,13746463,1112.2,202.9,677.8,<5.6,383.2,23.7,<17.6,<10.5,<4.3,<24.8,<8.3,,<10.4
Antarctic and Subantarctic ice sheet,King George Island,Rothera,snow/ice,1,3.38,3.09,-4.1,1.1,0.9,0.5,0.07,13746463,587.9,34.6,201.4,<5.6,106.7,18.8,<17.6,<10.5,<4.3,485,16.6,,<10.4
Antarctic and Subantarctic ice sheet,King George Island,Rothera,snow/ice,1,3.38,3.09,-4.1,1.1,0.9,0.5,0.07,13746463,312,58,216,<5.6,182,36.6,22.4,54.8,<4.3,170,<8.3,,<10.4
Antarctic and Subantarctic ice sheet,King George Island,Rothera,Glacial runoff,1,3.38,3.09,-4.1,1.1,0.9,0.5,0.07,13746463,2454.4,19.3,196.8,<5.6,97.4,28.2,<17.6,<10.5,<4.3,,<8.3,,<10.4
Antarctic and Subantarctic ice sheet,King George Island,Rothera,Glacial runoff,1,3.38,3.09,-4.1,1.1,0.9,0.5,0.07,13746463,1713.7,89.3,104.3,69.4,84.9,20.2,<17.6,<10.5,<4.3,<24.8,49.9,,<10.4
Antarctic and Subantarctic ice sheet,King George Island,Rothera,Glacial runoff,1,3.38,3.09,-4.1,1.1,0.9,0.5,0.07,13746463,2670,48.1,80.8,51.9,46,19.9,<17.6,<10.5,<4.3,<24.8,<8.3,,<10.4
Antarctic and Subantarctic ice sheet,King George Island,Rothera,Glacial runoff,1,3.38,3.09,-4.1,1.1,0.9,0.5,0.07,13746463,2209,53.9,109,83.1,75.3,22.2,<17.6,11.6,<4.3,,26.2,,<10.4
Antarctic and Subantarctic ice sheet,King George Island,Rothera,Glacial runoff,1,3.38,3.09,-4.1,1.1,0.9,0.5,0.07,13746463,1430.6,38.2,63.5,175.4,1966.1,17.5,<17.6,<10.5,<4.3,<24.8,<8.3,,<10.4
Antarctic and Subantarctic ice sheet,Dome C,Vostok,snow/ice,1,3.38,3.09,-55.3,0.7,-35.8,1.1,0.07,13746463,,446,373,179,539,87,26,6,3.5,2.9,30,4.6,37
Antarctic and Subantarctic ice sheet,Dome C,Vostok,snow/ice,1,3.38,3.09,-55.3,0.7,-35.8,1.1,0.07,13746463,,189,273,177,372,38,23,5.6,2.8,0.5,20,4.8,46
Antarctic and Subantarctic ice sheet,Dome C,Vostok,snow/ice,1,3.38,3.09,-55.3,0.7,-35.8,1.1,0.07,13746463,,160,280,265,284,68,25,6.3,2.8,1.6,18,11.9,58
Antarctic and Subantarctic ice sheet,Dome C,Vostok,snow/ice,1,3.38,3.09,-55.3,0.7,-35.8,1.1,0.07,13746463,,73,92,94,273,55,30,6.1,3,1.6,20,9.1,36
Antarctic and Subantarctic ice sheet,Dome C,Vostok,snow/ice,1,3.38,3.09,-55.3,0.7,-35.8,1.1,0.07,13746463,,158,214,186,368,84,35,7.9,3.8,2.9,35,5.6,62
Antarctic and Subantarctic ice sheet,Dome C,Vostok,snow/ice,1,3.38,3.09,-55.3,0.7,-35.8,1.1,0.07,13746463,,97,124,119,306,64,33,8.6,6.3,2.5,17,6.3,48
Antarctic and Subantarctic ice sheet,Dome C,Vostok,snow/ice,1,3.38,3.09,-55.3,0.7,-35.8,1.1,0.07,13746463,,107,136,141,385,69,38,10,4.4,2.3,28,5,44
Antarctic and Subantarctic ice sheet,Dome C,Vostok,snow/ice,1,3.38,3.09,-55.3,0.7,-35.8,1.1,0.07,13746463,,108,135,144,379,88,41,11,4.1,2.4,27,7,43
Antarctic and Subantarctic ice sheet,Dome C,Vostok,snow/ice,1,3.38,3.09,-55.3,0.7,-35.8,1.1,0.07,13746463,,214,330,266,318,73,27,9.8,5.3,3.6,24,1.3,39
Antarctic and Subantarctic ice sheet,Dome C,Vostok,snow/ice,1,3.38,3.09,-55.3,0.7,-35.8,1.1,0.07,13746463,,247,313,263,360,83,22,6.7,2.3,1.6,17,7.3,45
Antarctic and Subantarctic ice sheet,Dome C,Vostok,snow/ice,1,3.38,3.09,-55.3,0.7,-35.8,1.1,0.07,13746463,,122,166,181,359,95,35,9.3,4.8,1.6,28,2.6,50
Antarctic and Subantarctic ice sheet,Larsemann Hills,Rothera,Glacial runoff,1,3.38,3.09,-4.1,1.1,0.9,0.5,0.07,13746463,,44.4,17.6,11.2,91.5,<6.8,44.8,<0.4,1.29,1.68,9.14,19.2,21.4
Antarctic and Subantarctic ice sheet,Larsemann Hills,Rothera,Glacial runoff,1,3.38,3.09,-4.1,1.1,0.9,0.5,0.07,13746463,,51.4,21.4,11.7,66.7,7.14,<8.1,<0.4,2.21,2.07,11,14.8,<12.8
Antarctic and Subantarctic ice sheet,Larsemann Hills,Rothera,Glacial runoff,1,3.38,3.09,-4.1,1.1,0.9,0.5,0.07,13746463,,32.7,17.3,11.4,42.6,<6.8,65.6,22.3,2.2,2.51,9.29,18.3,<12.8
Antarctic and Subantarctic ice sheet,Larsemann Hills,Rothera,Glacial runoff,1,3.38,3.09,-4.1,1.1,0.9,0.5,0.07,13746463,,5.52,<9.7,2.75,18,<6.8,9.8,<0.4,<0.9,2.39,6.58,11.8,<12.8
Antarctic and Subantarctic ice sheet,Larsemann Hills,Rothera,Glacial runoff,1,3.38,3.09,-4.1,1.1,0.9,0.5,0.07,13746463,,24.9,<9.7,4.51,<15.9,<6.8,<8.1,20.6,<0.9,6.66,11.1,<11.6,13.5
Antarctic and Subantarctic ice sheet,Larsemann Hills,Rothera,Glacial runoff,1,3.38,3.09,-4.1,1.1,0.9,0.5,0.07,13746463,,4.14,<9.7,4.89,37.3,10.8,60.4,0.5,4.52,4.17,8.31,<11.6,<12.8
Antarctic and Subantarctic ice sheet,Larsemann Hills,Rothera,Glacial runoff,1,3.38,3.09,-4.1,1.1,0.9,0.5,0.07,13746463,,7.7,<9.7,4.26,22,<6.8,13.9,<0.4,<0.9,3.34,7.92,11.7,13.1
Antarctic and Subantarctic ice sheet,Larsemann Hills,Rothera,Glacial runoff,1,3.38,3.09,-4.1,1.1,0.9,0.5,0.07,13746463,,3.79,<9.7,4,<15.9,<6.8,9.88,<0.4,<0.9,1.73,6.71,<11.6,<12.8
Antarctic and Subantarctic ice sheet,Larsemann Hills,Rothera,Glacial runoff,1,3.38,3.09,-4.1,1.1,0.9,0.5,0.07,13746463,,<3.2,<9.7,3.22,16.7,<6.8,8.42,<0.4,<0.9,1.49,6.35,11.9,<12.8
Antarctic and Subantarctic ice sheet,Larsemann Hills,Rothera,Glacial runoff,1,3.38,3.09,-4.1,1.1,0.9,0.5,0.07,13746463,,20.4,<9.7,4.96,26.7,<6.8,32.5,0.64,2.08,1.85,9.49,21.1,17.1
Antarctic and Subantarctic ice sheet,Larsemann Hills,Rothera,Glacial runoff,1,3.38,3.09,-4.1,1.1,0.9,0.5,0.07,13746463,,<3.2,<9.7,6.36,31,10.6,43,0.57,2.16,1.73,9.31,20.3,15.1
Antarctic and Subantarctic ice sheet,Larsemann Hills,Rothera,Glacial runoff,1,3.38,3.09,-4.1,1.1,0.9,0.5,0.07,13746463,,10.8,<9.7,4.79,26.9,<6.8,29.1,<0.4,<0.9,3.41,8.69,13.3,<12.8
Antarctic and Subantarctic ice sheet,Larsemann Hills,Rothera,Glacial runoff,1,3.38,3.09,-4.1,1.1,0.9,0.5,0.07,13746463,,14.7,<9.7,4.34,18.7,<6.8,<8.1,<0.4,<0.9,1.67,12.2,14.5,<12.8
Antarctic and Subantarctic ice sheet,Larsemann Hills,Rothera,Glacial runoff,1,3.38,3.09,-4.1,1.1,0.9,0.5,0.07,13746463,,14.1,11.2,5.1,17.5,<6.8,14.1,<0.4,2.52,5.01,13.1,14.1,<12.8
Antarctic and Subantarctic ice sheet,Larsemann Hills,Rothera,Glacial runoff,1,3.38,3.09,-4.1,1.1,0.9,0.5,0.07,13746463,,23.9,<9.7,6.23,30.8,<6.8,14.3,9,<0.9,8.96,10.8,12,<12.8
Antarctic and Subantarctic ice sheet,Larsemann Hills,Rothera,Glacial runoff,1,3.38,3.09,-4.1,1.1,0.9,0.5,0.07,13746463,,80.5,11.1,7.89,458,<6.8,50.6,7.94,<0.9,2.06,17.9,12.2,<12.8
Antarctic and Subantarctic ice sheet,Larsemann Hills,Rothera,Glacial runoff,1,3.38,3.09,-4.1,1.1,0.9,0.5,0.07,13746463,,26.6,20.1,6.16,75.1,<6.8,<8.1,<0.4,<0.9,3.44,13.2,16.5,<12.8
Antarctic and Subantarctic ice sheet,Larsemann Hills,Rothera,Glacial runoff,1,3.38,3.09,-4.1,1.1,0.9,0.5,0.07,13746463,,21.6,<9.7,4.04,156,<6.8,39.5,<0.4,2.36,2.07,7.22,11.9,<12.8
Antarctic and Subantarctic ice sheet,Larsemann Hills,Rothera,Glacial runoff,1,3.38,3.09,-4.1,1.1,0.9,0.5,0.07,13746463,,8.61,<9.7,3.82,18.1,<6.8,<8.1,<0.4,<0.9,1.17,6.1,12.6,<12.8
Antarctic and Subantarctic ice sheet,Larsemann Hills,Rothera,Glacial runoff,1,3.38,3.09,-4.1,1.1,0.9,0.5,0.07,13746463,,73.3,12.4,5.07,16.6,<6.8,<8.1,<0.4,<0.9,1.1,15.3,12.7,<12.8
Antarctic and Subantarctic ice sheet,Larsemann Hills,Rothera,Glacial runoff,1,3.38,3.09,-4.1,1.1,0.9,0.5,0.07,13746463,,23.9,<9.7,4.61,19.1,<6.8,<8.1,4.14,<0.9,8.8,5.16,12.9,<12.8
